Http_www_cs_washington_edu_education_courses_321 hasType Course
Http_www_cs_washington_edu_education_courses_370 hasType Course
Http_www_cs_washington_edu_education_courses_413 hasType Course
Http_www_cs_washington_edu_education_courses_501_95 hasType Course
Http_www_cs_washington_edu_education_courses_531_91a hasType Course
Http_www_cs_washington_edu_education_courses_590D hasType Course
Http_www_cs_washington_edu_education_courses_cse403_95w hasType Course
Http_weber_u_washington_edu_polisci hasType Department
Http_www_cs_washington_edu_education_courses_401_CurrentQuarter_other hasType Department
Http_www_ee_washington_edu_ee_html hasType Department
Http_www_cs_washington_edu_homes_bershad hasType Faculty
Http_www_cs_washington_edu_homes_notkin hasType Faculty
Http_www_cs_washington_edu_people_faculty_zahorjan_html hasType Faculty
Http_www_cs_washington_edu_homes_becker hasType Person
Http_www_cs_washington_edu_homes_carlson hasType Person
Http_www_cs_washington_edu_homes_dberman hasType Person
Http_www_cs_washington_edu_homes_echris hasType Person
Http_www_cs_washington_edu_homes_friedman hasType Person
Http_www_cs_washington_edu_homes_jdean hasType Person
Http_www_cs_washington_edu_homes_kayee hasType Person
Http_www_cs_washington_edu_homes_leveson hasType Person
Http_www_cs_washington_edu_homes_nick hasType Person
Http_www_cs_washington_edu_homes_ohlrich hasType Person
Http_www_cs_washington_edu_homes_schweitz hasType Person
Http_www_cs_washington_edu_homes_skoga hasType Person
Http_www_cs_washington_edu_homes_travis hasType Person
Http_www_cs_washington_edu_homes_wolman hasType Person
Http_www_cs_washington_edu_people_faculty_tanimoto_html hasType Person
Http_www_cs_washington_edu_research_projects_cecil_cecil_www_cecil_home_html hasType ResearchProject
Http_www_cs_washington_edu_research_projects_lis_www_index_html hasType ResearchProject
Http_www_cs_washington_edu_homes_jamrozik hasType Staff
Http_www_cs_washington_edu_homes_ausland hasType Student
Http_www_cs_washington_edu_homes_darrenc hasType Student
Http_www_cs_washington_edu_homes_eric hasType Student
Http_www_cs_washington_edu_homes_gjb hasType Student
Http_www_cs_washington_edu_homes_jovan hasType Student
Http_www_cs_washington_edu_homes_kapu hasType Student
Http_www_cs_washington_edu_homes_menghee hasType Student
Http_www_cs_washington_edu_homes_rea hasType Student
Http_www_cs_washington_edu_homes_schweitz hasType Student
Http_www_cs_washington_edu_homes_thu hasType Student
Http_www_cs_washington_edu_homes_wchan hasType Student
Http_www_cs_cornell_edu_Info_Courses_Current_CS211_home_html hasType Course
Http_www_cs_cornell_edu_Info_Courses_Current_CS212_outline_html hasType Course
Http_www_cs_cornell_edu_Info_Courses_Spring_96_CS211_CS211_html hasType Course
Http_www_cs_cornell_edu_Info_People_prakas_cs414_cs414_html hasType Course
Http_dri_cornell_edu hasType Department
Http_www_cs_cornell_edu_Info_General_html hasType Department
Http_www_cs_cornell_edu_Info_Ugrad hasType Department
Http_www_cs_cornell_edu_Info_Department_Annual95_Faculty_Wagner_html hasType Faculty
Http_www_cs_cornell_edu_Info_People_dean_dean_html hasType Faculty
Http_www_cs_cornell_edu_Info_People_ronitt_homepage_html hasType Faculty
Http_cam_cornell_edu_ph_index_html hasType Person
Http_www_cs_cornell_edu_Info_Department_Annual95_Faculty_Schneider_html hasType Person
Http_www_cs_cornell_edu_Info_People_aswin_aswin_html hasType Person
Http_www_cs_cornell_edu_Info_People_brd_brd_html hasType Person
Http_www_cs_cornell_edu_Info_People_divakar_divakar_html hasType Person
Http_www_cs_cornell_edu_Info_People_halpern hasType Person
Http_www_cs_cornell_edu_Info_People_hejik_hejik_html hasType Person
Http_www_cs_cornell_edu_Info_People_joseluis_joseluis_html hasType Person
Http_www_cs_cornell_edu_Info_People_kityan_project_html hasType Person
Http_www_cs_cornell_edu_Info_People_ldzhou_index_html hasType Person
Http_www_cs_cornell_edu_Info_People_mukai_mukai2_html hasType Person
Http_www_cs_cornell_edu_Info_People_pearson_pearson_html hasType Person
Http_www_cs_cornell_edu_Info_People_sam_sam_html hasType Person
Http_www_cs_cornell_edu_Info_People_spdawson_alpha_html hasType Person
Http_www_cs_cornell_edu_Info_People_suzuki_suzuki_html hasType Person
Http_www_cs_cornell_edu_Info_People_vsm_home_html hasType Person
Http_www_cs_cornell_edu_Info_People_ychuang_ychuang_html hasType Person
Http_www_cs_cornell_edu_Info_People_praveen_projects_seq_html hasType ResearchProject
Http_www_cs_cornell_edu_Info_Projects_SimLab_index_html hasType ResearchProject
Http_www_cs_cornell_edu_Info_People_lagoze_home_html hasType Staff
Http_www_cs_cornell_edu_Info_People_rus_home_html hasType Staff
Http_www_cs_cornell_edu_Info_People_barber_Welcome_html hasType Student
Http_www_cs_cornell_edu_Info_People_diyu_y_html hasType Student
Http_www_cs_cornell_edu_Info_People_ghias_home_html hasType Student
Http_www_cs_cornell_edu_Info_People_imalik_indira_html hasType Student
Http_www_cs_cornell_edu_Info_People_jmiller_jmiller_html hasType Student
Http_www_cs_cornell_edu_Info_People_karl_home_html hasType Student
Http_www_cs_cornell_edu_Info_People_lili_ll_html hasType Student
Http_www_cs_cornell_edu_Info_People_pearson_pearson_html hasType Student
Http_www_cs_cornell_edu_Info_People_sonia_My_html hasType Student
Http_www_cs_cornell_edu_Info_People_summers_summers_html hasType Student
Http_www_cs_cornell_edu_Info_People_xichun_xichun_html hasType Student
Http_www_cs_wisc_edu_bart_cs537_html hasType Course
Http_www_cs_wisc_edu_cs132_4_cs132_html hasType Course
Http_www_cs_wisc_edu_cs310_2_cs310_html hasType Course
Http_www_cs_wisc_edu_cs640_1_cs640_html hasType Course
Http_www_cs_wisc_edu_cs838_1_cs838_html hasType Course
Http_www_cs_wisc_edu_horwitz_cs536_cs536_html hasType Course
Http_www_cs_wisc_edu_prock_cs302_html hasType Course
Http_www_cs_wisc_edu_tick_cs110_html hasType Course
Http_www_bocklabs_wisc_edu_mbinfo_mbinfo_html hasType Department
Http_www_cs_wisc_edu_talluri_bookmarks_html hasType Department
Http_www_engr_wisc_edu_ece_overview_html hasType Department
Http_www_engr_wisc_edu_neep_research hasType Department
Http_www_cs_wisc_edu_cao_cao_html hasType Faculty
Http_www_cs_wisc_edu_kunen_kunen_html hasType Faculty
Http_www_cs_wisc_edu_reps_reps_html hasType Faculty
Http_www_engr_wisc_edu_me_faculty_duffie_neil_html hasType Faculty
Http_www_cs_wisc_edu_ammons_ammons_html hasType Person
Http_www_cs_wisc_edu_bsri_bsri_html hasType Person
Http_www_cs_wisc_edu_cchin_cchin_html hasType Person
Http_www_cs_wisc_edu_dionne_dionne_html hasType Person
Http_www_cs_wisc_edu_finton_finton_html hasType Person
Http_www_cs_wisc_edu_horwitz_horwitz_html hasType Person
Http_www_cs_wisc_edu_johannes_johannes_html hasType Person
Http_www_cs_wisc_edu_kmurli_kmurli_html hasType Person
Http_www_cs_wisc_edu_lumelsky_lumelsky_html hasType Person
Http_www_cs_wisc_edu_mjrg_mjrg_html hasType Person
Http_www_cs_wisc_edu_moy_moy_html hasType Person
Http_www_cs_wisc_edu_prock_prock_html hasType Person
Http_www_cs_wisc_edu_pubs_faculty_info_parter_html hasType Person
Http_www_cs_wisc_edu_sally_sally_html hasType Person
Http_www_cs_wisc_edu_shavlik_shavlik_html hasType Person
Http_www_cs_wisc_edu_so_so_html hasType Person
Http_www_cs_wisc_edu_tmunson_tmunson_html hasType Person
Http_www_cs_wisc_edu_yin_yin_html hasType Person
Http_www_cs_wisc_edu_zhao_zhao_html hasType Person
Http_www_cs_wisc_edu_condor_NEXT_html hasType ResearchProject
Http_www_cs_wisc_edu_scout hasType ResearchProject
Http_www_cs_wisc_edu_wwt hasType ResearchProject
Http_www_cs_wisc_edu_ammons_ammons_html hasType Student
Http_www_cs_wisc_edu_bockrath_bockrath_html hasType Student
Http_www_cs_wisc_edu_cchin_cchin_html hasType Student
Http_www_cs_wisc_edu_falsafi_falsafi_html hasType Student
Http_www_cs_wisc_edu_hummert_hummert_html hasType Student
Http_www_cs_wisc_edu_jq_jq_html hasType Student
Http_www_cs_wisc_edu_keeper_keeper_html hasType Student
Http_www_cs_wisc_edu_milo_milo_html hasType Student
Http_www_cs_wisc_edu_mreames_mreames_html hasType Student
Http_www_cs_wisc_edu_plakal_plakal_html hasType Student
Http_www_cs_wisc_edu_schoinas_schoinas_html hasType Student
Http_www_cs_wisc_edu_stever_stever_html hasType Student
Http_www_cs_wisc_edu_tick_tick_html hasType Student
Http_www_cs_wisc_edu_yinong_yinong_html hasType Student
